,angel,async_fluid_5,async_fluid_7,demon,kmeans,label_propagation,leiden_p,rber_pots,provinces,weighted_leiden,weighted_louvain,louvain,weighted_greedy_modularity,greedy_modularity,leiden,leiden_wp,weighted_rb_pots,rb_pots
ERDOS_RENYI_MODULARITY,0.08954106095325981,0.4345176937589837,0.48399030434271934,3.4540542433578274,0.45187096711564195,0.5189131532116278,0.04221971822996884,0.19761509640447675,0.45958467770954897,0.03523570100718018,0.5548396033859107,0.5338653225402172,0.32556394338533595,0.32556394338533595,0.03462270932977639,0.03964685823053763,0.04940291176163858,0.04707363341458433
LINK_MODULARITY,,0.09206042758505907,0.09098273165251454,0.12340868166043298,0.08448797288900177,0.09700957145569555,0.021263851089185135,,0.08482567918436912,0.017278069979791612,0.09311271614323627,0.09114999686714183,,,0.018826860887818587,0.021062709413105674,0.033602304948186834,0.026770898450838847
MODULARITY_DENSITY,-38.37839863402935,24.152285628343478,30.81923683237908,-1713.5688210862916,23.13276599346669,141.02133798795674,-276.00808881911684,-8467.876216102639,29.424346611957983,-294.6175718811251,117.19647077463087,128.64184621973877,137.23457874579256,137.23457874579256,-246.08568444202712,-296.86224194355674,-212.41426181808788,-214.5357925784008
NEWMAN_GIRVAN_MODULARITY,-0.24476890703847604,0.5183602721407895,0.5857079097147909,0.14737030606969712,0.6619383578414869,0.6078288347867304,0.10532902463209541,0.12113432857672606,0.6661764750117223,0.08943145849375489,0.7036523358065098,0.7407917234651042,0.3180495092549488,0.3180495092549488,0.0906088782327814,0.1014844971430066,0.10777861300880995,0.10834549651102413
Z_MODULARITY,0.019254217484782763,1.0556644047316404,1.2984258938580895,6.145114604864293,1.364148267191258,1.3293076598177955,0.1214158317085499,0.0523541290209994,1.423812271422243,0.11497011469577387,1.871704820658544,1.679140132129232,0.32829290696234986,0.32829290696234986,0.10981839320674401,0.11716543078718827,0.10559949893213089,0.11150719320415102
